0,0,2020-03-28 13:43:26.309928
Oceane Ticket no.,Remedy Ticket no,Create Date
1,1,2020-03-28 13:43:26.347956
2,2,2020-03-28 13:43:26.355961
3,3,2020-03-28 13:43:26.362966
4,4,2020-03-28 13:43:26.370973
5,5,2020-03-28 13:43:26.378979
6,6,2020-03-28 13:43:26.385986
7,7,2020-03-28 13:43:26.393991
8,8,2020-03-28 13:43:26.402995
9,9,2020-03-28 13:43:26.408999
10,10,2020-03-28 13:43:26.415003
11,11,2020-03-28 13:43:26.422009
12,12,2020-03-28 13:43:26.428013
13,13,2020-03-28 13:43:26.434017
14,14,2020-03-28 13:43:26.443024
15,15,2020-03-28 13:43:26.449028
16,16,2020-03-28 13:43:26.455034
17,17,2020-03-28 13:43:26.463037
18,18,2020-03-28 13:43:26.469041
19,19,2020-03-28 13:43:26.478050
20,20,2020-03-28 13:43:26.489055
21,21,2020-03-28 13:43:26.496061
22,22,2020-03-28 13:43:26.503067
23,23,2020-03-28 13:43:26.510074
24,24,2020-03-28 13:43:26.516075
25,25,2020-03-28 13:43:26.524081
26,26,2020-03-28 13:43:26.531087
27,27,2020-03-28 13:43:26.539104
28,28,2020-03-28 13:43:26.547097
29,29,2020-03-28 13:43:26.553103
30,30,2020-03-28 13:43:26.562109
31,31,2020-03-28 13:43:26.569113
32,32,2020-03-28 13:43:26.577120
33,33,2020-03-28 13:43:26.589127
34,34,2020-03-28 13:43:26.600135
35,35,2020-03-28 13:43:26.607140
36,36,2020-03-28 13:43:26.614145
37,37,2020-03-28 13:43:26.622151
38,38,2020-03-28 13:43:26.629156
39,39,2020-03-28 13:43:26.636161
40,40,2020-03-28 13:43:26.644166
41,41,2020-03-28 13:43:26.650171
42,42,2020-03-28 13:43:26.657178
43,43,2020-03-28 13:43:26.665181
44,44,2020-03-28 13:43:26.671186
45,45,2020-03-28 13:43:26.680192
46,46,2020-03-28 13:43:26.689198
47,47,2020-03-28 13:43:26.696203
48,48,2020-03-28 13:43:26.704209
49,49,2020-03-28 13:43:26.711214
50,50,2020-03-28 13:43:26.717219
51,51,2020-03-28 13:43:26.725224
52,52,2020-03-28 13:43:26.732229
53,53,2020-03-28 13:43:26.739244
54,54,2020-03-28 13:43:26.746240
55,55,2020-03-28 13:43:26.754244
56,56,2020-03-28 13:43:26.762251
57,57,2020-03-28 13:43:26.768255
58,58,2020-03-28 13:43:26.774258
59,59,2020-03-28 13:43:26.782264
60,60,2020-03-28 13:43:26.790271
61,61,2020-03-28 13:43:26.799277
62,62,2020-03-28 13:43:26.807284
63,63,2020-03-28 13:43:26.813289
64,64,2020-03-28 13:43:26.822293
65,65,2020-03-28 13:43:26.829297
66,66,2020-03-28 13:43:26.837305
67,67,2020-03-28 13:43:26.845310
68,68,2020-03-28 13:43:26.851313
69,69,2020-03-28 13:43:26.857318
70,70,2020-03-28 13:43:26.867327
71,71,2020-03-28 13:43:26.874331
72,72,2020-03-28 13:43:26.882336
73,73,2020-03-28 13:43:26.888339
74,74,2020-03-28 13:43:26.895346
75,75,2020-03-28 13:43:26.904353
76,76,2020-03-28 13:43:26.911356
77,77,2020-03-28 13:43:26.917360
78,78,2020-03-28 13:43:26.924365
79,79,2020-03-28 13:43:26.930369
80,80,2020-03-28 13:43:26.935373
81,81,2020-03-28 13:43:26.943380
82,82,2020-03-28 13:43:26.949383
83,83,2020-03-28 13:43:26.954387
84,84,2020-03-28 13:43:26.961393
85,85,2020-03-28 13:43:26.968396
86,86,2020-03-28 13:43:26.973401
87,87,2020-03-28 13:43:26.979406
88,88,2020-03-28 13:43:26.985409
89,89,2020-03-28 13:43:26.992415
90,90,2020-03-28 13:43:27.001421
91,91,2020-03-28 13:43:27.007424
92,92,2020-03-28 13:43:27.012429
93,93,2020-03-28 13:43:27.019434
94,94,2020-03-28 13:43:27.025437
95,95,2020-03-28 13:43:27.030442
96,96,2020-03-28 13:43:27.035446
97,97,2020-03-28 13:43:27.042450
98,98,2020-03-28 13:43:27.047453
99,99,2020-03-28 13:43:27.052456
